{"cameraMode":{"drawMode":0,"name":"Shaded","section":"Shading Mode"},"sceneLighting":true,"audioPlay":false,"sceneViewState":{"showFog":true,"showMaterialUpdate":false,"showSkybox":true,"showFlares":true,"showImageEffects":true,"showParticleSystems":true},"in2DMode":false,"pivot":{"x":4.416791915893555,"y":-1.5641309022903443,"z":12.468048095703125},"rotation":{"x":0.13546371459960938,"y":0.015452210791409016,"z":-0.00215285480953753,"w":0.9906594753265381},"size":26.047964096069337,"orthographic":false}